NPR,Fresh Air,http://www.npr.org/rss/podcast.php?id=381444908
,Wait Wait... Don't Tell Me,http://www.npr.org/rss/podcast.php?id=344098539
,Bullseye with Jesse Thorn,http://npr.org/rss/podcast.php?id=510309
,On Point With Tom Ashbrook,http://www.npr.org/rss/podcast.php?id=510053
,Only A Game,http://www.npr.org/rss/podcast.php?id=510052
,Here & Now,http://www.npr.org/rss/podcast.php?id=510051
,Latino USA,http://www.npr.org/rss/podcast.php?id=510016
,Car Talk,http://www.npr.org/rss/podcast.php?id=510208
,Piano Jazz Shorts,http://www.npr.org/rss/podcast.php?id=510056
,From The Top,http://www.npr.org/rss/podcast.php?id=510026
,From Scratch,http://www.npr.org/rss/podlayer.php?id=126166186
,World Cafe Words and Music from WXPN,http://www.npr.org/rss/podcast.php?id=510008
,Code Switch,http://www.npr.org/rss/podcast.php?id=510312
,Invisibilia,http://www.npr.org/rss/podcast.php?id=510307
,Alt.Latino,http://www.npr.org/rss/podcast.php?id=510305
,Story Corps,http://www.npr.org/rss/podcast.php?id=510200
,Ted Radio Hour,http://www.npr.org/rss/podcast.php?id=510298
,Hidden Brain,http://www.npr.org/rss/podcast.php?id=510308
,Ask Me Another,http://www.npr.org/rss/podcast.php?id=510299
,NPR Politics Podcast,http://www.npr.org/rss/podcast.php?id=510310
,Embedded,http://www.npr.org/rss/podcast.php?id=510311
,Planet Money,http://www.npr.org/rss/podcast.php?id=510289
,Live In Concert from NPR's All Songs Considered,http://www.npr.org/rss/podcast.php?id=510253
,NPR Hourly News Summary,http://www.npr.org/rss/podcast.php?id=500005
,How To Do Everything,http://www.npr.org/rss/podcast.php?id=510303
,Business Story of the Day,http://www.npr.org/rss/podlayer.php?id=1095
,NPR's Story of the Day,http://www.npr.org/rss/podlayer.php?id=1090
,World Story of the Day,http://www.npr.org/rss/podlayer.php?id=1056
,Environment,http://www.npr.org/templates/rss/podlayer.php?id=1025
,Tiny Desk Concerts,http://www.npr.org/rss/podcast.php?id=510306
,Pop Culture Happy Hour,http://www.npr.org/rss/podcast.php?id=510282
,Microphone Check,http://www.npr.org/rss/podcast.php?id=272112020
Gimlet,Science Vs,http://feeds.gimletmedia.com/sciencevs
,Reply All,http://feeds.gimletmedia.com/hearreplyall
,Surprisingly Awesome,http://feeds.gimletmedia.com/surprisinglyawesome
,Sampler Show,http://feeds.gimletmedia.com/samplershow
,StartUp,http://feeds.gimletmedia.com/hearstartup
,Mystery Show,http://feeds.gimletmedia.com/mysteryshow
Ringer,Bill Simmons Podcast,http://feeds.feedburner.com/thebillsimmonspodcast
,Channel 33,http://feeds.feedburner.com/Channel33
,Keepin It 1600,http://feeds.feedburner.com/keepinit1600
,The Watch,http://feeds.feedburner.com/thewatchpod
,Ringer NBA Show,http://feeds.feedburner.com/ringernbashow
,Ringer NFL Show,http://feeds.feedburner.com/ringernflshow
,Shackhouse Golf Show,http://feeds.feedburner.com/shackhouse
,Ringer MLB Show,http://feeds.feedburner.com/ringermlbshow
Radiotopia from PRX,99% Invisible,http://feeds.99percentinvisible.org/99percentinvisible
,Millennial,http://feeds.millennialpodcast.org/millennialpodcast
,The Memory Palace,http://feeds.thememorypalace.us/thememorypalace
,Song Exploder,http://feed.songexploder.net/SongExploder
,Mortified,http://feeds.getmortified.com/MortifiedPod
,The Allusionist,http://feeds.theallusionist.org/Allusionist
,Criminal,http://feeds.feedburner.com/CriminalShow
,The Heart,http://feeds.theheartradio.org/TheHeartRadio
,Love+Radio,http://feed.loveandradio.org/loveplusradio
,Strangers,http://feeds.strangersnomore.org/StrangersNoMore
,The Truth,http://feeds.feedburner.com/thetruthapm
,Theory of Everything,http://feeds.prx.org/toe
,Radio Diaries,http://feed.radiodiaries.org/radio-diaries
,Fugitive Waves,http://feeds.fugitivewaves.org/fugitivewaves
WNYC,2 Dope Queens,http://feeds.wnyc.org/2dopequeens
,Death Sex and Money,http://feeds.wnyc.org/deathsexmoney
,Here's the Thing,http://feeds.wnyc.org/wnycheresthething
,Micropolis,http://feeds.feedburner.com/micropolis
,Money Talking,http://feeds.wnyc.org/money-talking/
,Note to Self,http://feeds.wnyc.org/notetoself-podcast
,On The Media,http://feeds.wnyc.org/onthemedia
,Only Human,http://feeds.wnyc.org/only-human
,Radio Rookies,http://feeds.feedburner.com/radiorookies
,Radiolab,http://feeds.wnyc.org/radiolab
,Radiolab presents More Perfect,http://feeds.wnyc.org/moreperfect
,Sooo Many White Guys,http://feeds.wnyc.org/sooomanywhiteguys
,Soundcheck,http://feeds.wnyc.org/wnyc_soundcheck
,The Naked America Soundbook,http://feeds.wnyc.org/thenakedamericansongbook
,The New Yorker Radio Hour,http://feeds.wnyc.org/newyorkerradiohour
,The Season,http://feeds.wnyc.org/theseason-podcast
,Snap Judgement,http://feeds.wnyc.org/snapjudgment-wnyc
BuzzFeed,The Tell Show,https://rss.acast.com/thetellshow
,Women of the Hour,https://feeds.soundcloud.com/users/soundcloud:users:180603351/sounds.rss
,Another Round,https://feeds.soundcloud.com/users/soundcloud:users:141381968/sounds.rss
,Internet Explorer,https://feeds.soundcloud.com/users/soundcloud:users:141381463/sounds.rss
,Rerun,https://feeds.soundcloud.com/users/soundcloud:users:160593753/sounds.rss
,No One Knows Anything,https://rss.acast.com/nooneknows
Panoply,Revisionist History,http://feeds.feedburner.com/RevisionistHistory
,Slate's Represent,http://feeds.feedburner.com/SlatesRepresent
,Bad With Money with Gabby Dunn,http://feeds.megaphone.fm/badwithmoney
,What The Crime?!,http://feeds.feedburner.com/WhatTheCrime
,Politically Reactive,http://feeds.feedburner.com/PoliticallyRe-active
,The Runner's World Show,http://feeds.feedburner.com/TheRunnersWorldShow
,Detective,http://feeds.feedburner.com/Detective
,Switched On Pop,http://feeds.feedburner.com/SwitchedOnPopPodcast
,Dear Prudence,http://feeds.feedburner.com/SlatesDearPrudenceMini
,Human Race,http://feeds.feedburner.com/HumanRacePodcast
,Political Gabfest,http://feeds.feedburner.com/SlatePoliticalGabfest
,Dog Smarts,http://feeds.feedburner.com/DogSmarts
,Happier with Gretchen Rubin,http://feeds.feedburner.com/HappierWithGretchenRubin
,Imaginary Worlds,http://feeds.feedburner.com/ImaginaryWorldsPodcast
,Too Hot for Radio,http://feeds.feedburner.com/TooHotForRadio
,Intelligence Squared US Debates,http://feeds.feedburner.com/IQ2USDebates
,Filmspotting,http://feeds.feedburner.com/cinecast
,Placemakers,http://feeds.feedburner.com/SlatePlacemakers
,The Next Picture Show,http://feeds.feedburner.com/TheNextPictureShowPodcast
,Filmspotting SVU,http://feeds.feedburner.com/filmspottingsvu
,Points of Courage,http://feeds.feedburner.com/PointsOfCourage
,FP's The Editor's Roundtable,http://the-e-r-podcast.foreignpolicy.com/
,Selected Shorts,http://feeds.feedburner.com/Selected-Shorts
,The Americans: Slate Club Insider,http://theamericans.audio.slate.com/rss
,The Labor of Love,http://feeds.feedburner.com/TheLaborOfLovePodcast
,Rolling Stone Music Now,http://feeds.feedburner.com/RollingStoneMusicNow
,Think Again,http://feeds.feedburner.com/ThinkAgainABigThinkPodcast
,Sports Illustrated Olympics Channel,http://feeds.soundcloud.com/users/soundcloud:users:236463755/sounds.rss
,The Ezra Klein Show,http://feeds.feedburner.com/TheEzraKleinShow
,Pregnancy Confidential,http://feeds.feedburner.com/PregnancyConfidential
,Little Gold Men,http://feeds.feedburner.com/littlegoldmenpodcast
,The Message,http://feeds.feedburner.com/themessagepodcast
,Girlboss Radio,http://feeds.feedburner.com/girlbossradio
,Vox's The Weeds,http://feeds.feedburner.com/voxtheweeds
,Vulture TV Podcast,http://feeds.feedburner.com/VultureTV
,The Moment with Brian Koppelman,http://feeds.feedburner.com/the-moment
,Most Useful Podcast Ever,http://feeds.feedburner.com/MostUsefulPodcastEver
,Life of the Law,http://feeds.feedburner.com/LifeOfTheLaw
,Adulthood Made Easy,http://feeds.feedburner.com/AdulthoodMadeEasy
,Slate's Trumpcast,http://feeds.feedburner.com/SlatesTrumpcast
,The Grub Street Podcast,http://feeds.panoply.fm/grubstreet
,New York Magazine's Sex Lives,http://feeds.feedburner.com/NewYorkMagazinesSexLives
,How Your World Works,http://feeds.feedburner.com/howyourworldworks
,Inc Unsensored,http://feeds.feedburner.com/IncUncensored
,Edge of Sports,http://www.edgeofsports.com/radio/rss.xml
,The History Chicks,http://feeds.feedburner.com/TheHistoryChicks
,United States of Debt,http://feeds.feedburner.com/TheUnitedStatesOfDebt
,You Must Remember This,http://feeds.feedburner.com/MustRememberThis
,Unorthodox,http://feeds.feedburner.com/unorthodoxpodcast
,Open Account,http://feeds.feedburner.com/OpenAccount
,WSJ Off Duty,http://feeds.panoply.fm/WSJ1587845981
,Whistlestop,http://feeds.feedburner.com/SlatesWhistlestop
,WSJ Opinion: Foreign Edition,http://feeds.panoply.fm/WSJ4259260063
,WSJ Speakeasy,http://feeds.panoply.fm/WSJ4480544634
,WSJ Watching Your Wealth,http://feeds.panoply.fm/WSJ8941417255
,WSJ Heard on the Street,http://feeds.panoply.fm/WSJ5553236527
,WSJ Moneybeat,http://feeds.panoply.fm/WSJ2105811496
,WSJ What's News,http://feeds.panoply.fm/WSJ4886593505
,WSJ Your Money Matters,http://feeds.panoply.fm/WSJ8175120842
,WSJ Potomac Watch,http://feeds.panoply.fm/WSJ1676277886
,WSJ Free For All,http://feeds.panoply.fm/WSJ1333614646
,WSJ Tech News Briefing,http://feeds.panoply.fm/WSJ8523681216
,This Week in Barrons,http://feeds.panoply.fm/WSJ1785377835
,Marketwatch Money Markets and More,http://feeds.panoply.fm/WSJ6340662189
,WSJ Media Mix,http://feeds.wsjonline.com/wsj/podcast_media_mix
,It's Your Universe,http://feeds.feedburner.com/ItsYourUniverse
,MMQB,http://feeds.feedburner.com/themmqb
,Golf.com Podcast,http://feeds.soundcloud.com/users/soundcloud:users:148607068/sounds.rss
,On The Clock: NFL Draft Podcast,http://feeds.soundcloud.com/users/soundcloud:users:171712625/sounds.rss
,Slate's Culture Gabfest,http://feeds.feedburner.com/SlateCultureGabfest
,The Strike Zone,http://feeds.soundcloud.com/users/soundcloud:users:149520579/sounds.rss
,The College Football Podcast,http://feeds.soundcloud.com/users/soundcloud:users:165265537/sounds.rss
,Audibles NFL Podcast,http://feeds.soundcloud.com/users/soundcloud:users:46503028/sounds.rss
,Tourney Talk,http://feeds.soundcloud.com/users/soundcloud:users:209660426/sounds.rss
,Beyond The Baseline,http://feeds.soundcloud.com/users/soundcloud:users:149064987/sounds.rss
,The Gray Area,http://feeds.soundcloud.com/users/soundcloud:users:166807719/sounds.rss
,Draft Season,http://feeds.soundcloud.com/users/soundcloud:users:209656900/sounds.rss
,SI Fantasy Football Podcast,http://feeds.soundcloud.com/users/soundcloud:users:166807227/sounds.rss
,This is Your Brain on Sports,http://feeds.soundcloud.com/users/soundcloud:users:158916440/sounds.rss
,SI Vault,http://feeds.soundcloud.com/users/soundcloud:users:149023917/sounds.rss
,Planet Futbol,http://feeds.soundcloud.com/users/soundcloud:users:99116547/sounds.rss
,SI Media Podcast,http://feeds.soundcloud.com/users/soundcloud:users:151834971/sounds.rss
,Getting In,http://feeds.feedburner.com/panoplygettingin
,Open Floor,http://feeds.soundcloud.com/users/soundcloud:users:180256397/sounds.rss
,Quiet: The Power of Introverts,http://feeds.feedburner.com/QuietThePowerOfIntrovertsWithSusanCain
,Burnt Toast,http://feeds.feedburner.com/food52burnttoast
,Mom and Dad are Fighting,http://feeds.feedburner.com/SlateMomAndDadAreFighting
,Amicus with Dahlia Lithwick,http://feeds.feedburner.com/slateamicuswithdahlialithwick
,The Gist,http://feeds.feedburner.com/TheGistWithMikePesca
,Hang Up and Listen,http://feeds.feedburner.com/SlateHangUpAndListen
,Lexicon Valley,http://feeds.feedburner.com/SlateLexiconValley
,Real Simple,http://feeds.feedburner.com/realsimplepodcast
,Futuropolis,http://feeds.feedburner.com/FuturopolisByPopularScience
,Our National Conversation About Conversations About Race,http://feeds.feedburner.com/showaboutrace
,We The People,http://feeds.feedburner.com/WeThePeoplePodcast
,The Knick Podcast,http://feeds.feedburner.com/TheKnickPodcast
,40/40 Vision,http://feeds.feedburner.com/4040Vision
,Podcast for America,http://feeds.feedburner.com/PodcastForAmerica
,Slate Money,http://feeds.feedburner.com/slatemoney
,Slate's Spoiler Specials,http://feeds.feedburner.com/SlateSpoilerSpecials
,Double X,http://feeds.feedburner.com/DoubleXPodcasts
,Better Call Saul,http://feeds.feedburner.com/BetterCallSaulSlateTvClub
Earwolf,Hard Nation,http://rss.earwolf.com/hard-nation
,Pistol Shrimps Radio,http://rss.earwolf.com/pistol-shrimps-radio
,The Longest Shortest Time,http://rss.earwolf.com/the-longest-shortest-time
,Who Charted?,http://rss.earwolf.com/who-charted
,Question of the Day,http://rss.earwolf.com/question-of-the-day
,Beautiful/Anonymous,http://rss.earwolf.com/beautiful-anonymous
,Bitch Sesh,http://rss.earwolf.com/bitch-sesh
,Black List Table Reads,http://feeds.feedburner.com/BlackListTableReads
,The Canon,http://feeds.feedburner.com/TheCanonPodcast
,Comedy Bang Bang,http://rss.earwolf.com/comedy-bang-bang
,Cracked Podcast,http://rss.earwolf.com/the-cracked-podcast
,Crybabies,http://feeds.feedburner.com/Crybabies
,David Gregory Show,http://rss.earwolf.com/the-david-gregory-show
,Denzel Washington is the Greatest Actor of All Time Period,http://feeds.feedburner.com/DenzelWashingtonIsTheGreatest
,Earwolf Presents,http://rss.earwolf.com/earwolf-presents
,Fake the Nation,http://rss.earwolf.com/fake-the-nation
,Get Up On This,http://feeds.feedburner.com/GetUpOnThis
,Happy Sad Confused,http://feeds.soundcloud.com/users/soundcloud:users:109841038/sounds.rss
,Hello From the Magic Tavern,http://feeds.soundcloud.com/users/soundcloud:users:208311266/sounds.rss
,Hollywood Handbook,http://rss.earwolf.com/hollywood-handbook
,How Did This Get Made,http://rss.earwolf.com/how-did-this-get-made
,I Was There Too,http://feeds.feedburner.com/IWasThereToo
,improv4humans,http://rss.earwolf.com/improv4humans
,Katie Couric,http://rss.earwolf.com/katie-couric
,Kevin Pollak's Chat Show,http://rss.earwolf.com/kevin-pollaks-chat-show
,Never Not Funny,http://feeds.feedburner.com/NeverNotFunny
,OMFG!,http://feeds.feedburner.com/OMFG-Podcast
,Ronna & Beverly,http://feeds.feedburner.com/OMFG-Podcast
,Sklarbro County,http://rss.earwolf.com/sklarbro-country
,SPONTANEATION,http://rss.earwolf.com/spontaneanation-with-paul-f-tompkins
,The Room Where It's Happening,http://rss.earwolf.com/the-room-where-its-happening
,With Special Guest Lauren Lapkus,http://rss.earwolf.com/with-special-guest-lauren-lapkus
,The Wolf Den,http://rss.earwolf.com/wolf-den
,WOMP It Up,http://rss.earwolf.com/womp-it-up
,YO Is This Racist,http://rss.earwolf.com/yo-is-this-racist
,Affirmation Nation,http://rss.earwolf.com/affirmation-nation
,Analyze Phish,http://rss.earwolf.com/analyze-phish
,Andy Daly Podcast,http://rss.earwolf.com/the-andy-daly-podcast-pilot-project
,The Apple Sisters,http://rss.earwolf.com/the-apple-sisters
,By The Way,http://rss.earwolf.com/by-the-way-in-conversation-with-jeff-garlin
,Eardrop,http://rss.earwolf.com/eardrop
,Earwolf Challange,http://rss.earwolf.com/earwolf-challenge
,The Fogelnest Files,http://rss.earwolf.com/the-fogelnest-files
,Glitter in the Garbage,http://rss.earwolf.com/glitter-garbage-drew-droege
,The Hooray Show,http://rss.earwolf.com/the-hooray-show
,Love Dad,http://rss.earwolf.com/love-dad
,Maltin on Movies,http://feeds.feedburner.com/MaltinOnMovies
,Mike Detective,http://rss.earwolf.com/mike-detective
,Nerd Poker,http://rss.earwolf.com/nerd-poker
,Nocturnal Emotions,http://rss.earwolf.com/nocturnal-emotions
,Owen & TJ Read the News,http://rss.earwolf.com/owen-tj-read-the-news
,Pod Cats,http://rss.earwolf.com/pod-cats
,Professor Blastoff,http://rss.earwolf.com/professor-blastoff
,Rafflecast,http://rss.earwolf.com/rafflecast
,Reading Aloud,http://feeds.feedburner.com/NateCorddryPresentsReadingAloud
,the reality SHOW show,http://rss.earwolf.com/the-reality-show-show
,Seth Godin's Startup School,http://rss.earwolf.com/startup-school
,Shortwave,http://rss.earwolf.com/shortwave
,Topics,http://rss.earwolf.com/topics
,Totally Laime,http://feeds.feedburner.com/totallylaime
,U Talkin U2 To Me?,http://rss.earwolf.com/u-talkin-u2-to-me
Smodcast,Hollywood Babylon,http://feeds.feedburner.com/HollywoodBabbleOnPod
,Smodcast,http://feeds.feedburner.com/SModcasts
,Jay & Silent Bob Get Old,http://feeds.feedburner.com/JaySilentBobGetOld
,Fatman on Batman,http://feeds.feedburner.com/FatManOnBatman
,Edumacation,http://feeds.feedburner.com/Edumacation
,Talk Salad & Scrambled Eggs,http://feeds.feedburner.com/TalkSalad
,Tell Em Steve-Dave,http://feeds.feedburner.com/TellEmSteveDave
,FEAB,http://feeds.feedburner.com/Feab
,I Sell Comics,http://feeds.feedburner.com/ISellComics
,Netheads,http://feeds.feedburner.com/NetHeadsOnAir
,Waking From The American Dream,http://feeds.feedburner.com/WakingFromTheAmericanDream
,Nooner,http://feeds.feedburner.com/NoonerPod
,Secret Stash,http://feeds.feedburner.com/TheSecretStashPod
,The Wayne Foundation,http://feeds.feedburner.com/thewaynefoundation
,PODU,http://feeds.feedburner.com/Podu
Marketplace,Politics Inside Out,http://feeds.publicradio.org/public_feeds/politics-inside-out-from-marketplace/rss/rss
,Actuality,http://www.marketplace.org/podcasts/collections/152060/rss
,Codebreaker,http://www.marketplace.org/podcasts/collections/153961/rss
,Conversations from the Corner Office,http://www.marketplace.org/podcasts/collections/152161/rss
,Marketplace All-in-One,http://feeds.americanpublicmedia.org/marketplaceallinone
,Marketplace,http://marketplace.org/shows/85/podcast.xml
,Marketplace Tech,http://marketplace.org/shows/55/podcast.xml
,Marketplace Weekend,http://marketplace.org/shows/54/podcast.xml
APM,APM Reports,http://feeds.publicradio.org/public_feeds/apm-reports-educate/rss/rss
,Dinner Party Download,http://feeds.feedburner.com/dinnerpartydownload
,Writer's Almanac,http://feeds.americanpublicmedia.org/writersalmanac
,The Splendid Table,http://www.splendidtable.org/feeds/podcast/rss
KQED,California Politics Podcast,http://ww2.kqed.org/news/category/politics-and-government/politics-podcast/feed/
,The California Report,http://www.kqed.org/.pod/californiareport
,The Cooler Report,https://ww2.kqed.org/pop/category/the-cooler/feed/
,The Do List,http://www.kqed.org/.pod/thedolist
,Forum,http://www.kqed.org/.pod/forum
,KQED Science,http://www.kqed.org/.pod/questaudio
,The Leap,https://ww2.kqed.org/news/programs/the-leap/feed
,Listen In,http://ww2.kqed.org/arts/programs/listen-in/feed/
,Love in the Digital Age,http://ww2.kqed.org/news/category/arts-and-culture/love-in-the-digital-age/feed/
,Mindshift: Stories Teachers Share,https://ww2.kqed.org/mindshift/category/stories-teachers-share/feed/
,Perspectives,https://ww2.kqed.org/perspectives/feed/podcast/?progId=RD62
,Truth Be Told,http://ww2.kqed.org/news/series/sowellspoken/feed/
,Check Please! Bay Area,http://www.kqed.org/.pod/checkplease
WBEZ,This American Life,http://feeds.feedburner.com/talpodcast
,Serial,http://feeds.serialpodcast.org/serialpodcast
,Sound Opinions,http://feeds.feedburner.com/TheSoundOpinionsPodcast
,Nerdette,http://feeds.feedburner.com/nerdettepodcast
,Curious City,http://feeds.feedburner.com/CuriousCityPodcast
,Homemade Stories,http://feeds.feedburner.com/HomemadeStories
,PleasureTown,http://feeds.feedburner.com/PleasureTown
,Worldview,http://feeds.feedburner.com/cprworldviewpodcast
Nightvale Presents,Within the Wires,http://withinthewires.libsyn.com/
,Alice Isn't Dead,http://aliceisntdead.libsyn.com/
,Welcome to Nightvale,http://nightvale.libsyn.com/
Wondry (& Partners),Found,http://rss.art19.com/found
,Sword & Scale,http://rss.art19.com/sword-and-scale
,Real Crime Profile,http://rss.art19.com/real-crime-profile
,The Cleansed,http://rss.art19.com/the-cleansed
,The Vanished,http://rss.art19.com/the-vanished-podcast
,Story Worthy,http://feeds.sideshownetwork.tv/StoryWorthy
,Juicy Scoop,http://rss.art19.com/juicy-scoop
,Mad About Movies,http://rss.art19.com/mad-about-movies
,Star Wars Minute,http://feeds.feedburner.com/StarWarsMinute
,Thirty Twenty Ten,http://rss.art19.com/thirty-twenty-ten
,Radio Drama Revival,http://rss.art19.com/radio-drama-revival
,Ruby - The Adventures of a Galactic Gum Shoe,http://rss.art19.com/ruby-the-adventures-of-a-galactic-gumshoe
,Stories,http://rss.art19.com/stories-podcast
FiveThirtyEight,What's The Point?,https://secure.espn.com/espnradio/podcast/feeds/itunes/podCast?id=13131752
,Hot Takedown,https://secure.espn.com/espnradio/podcast/feeds/itunes/podCast?id=12474672
,Elections,https://secure.espn.com/espnradio/podcast/feeds/itunes/podCast?id=14554755
The Verge,CTRL-WALT-DELETE,http://feeds.soundcloud.com/users/soundcloud:users:176450061/sounds.rss
,The Vergecast,http://feeds.feedburner.com/ThisIsMyNextPodcast
,What's Tech,http://feeds.podtrac.com/SCOrL45pOotI
,Verge ESP,http://feeds.podtrac.com/0v0iJdmvtGTS
,Verge Extras,http://feeds.podtrac.com/9_7foVqogqP3
Feral Audio,My Favorite Murder,http://rss.art19.com/my-favorite-murder-with-karen-kilgariff-and-georgia-hardstark
,Before You Were Funny,http://bywfpodcast.libsyn.com/rss
,Beyond Yacht Rock,http://rss.art19.com/beyond-yacht-rock
,Call Chelsea Peretti,http://feeds.feedburner.com/CallChelseaPeretti
,Conversations with Matt Dwyer,http://feeds.feedburner.com/ConversationsWithMattDwyer
,Skull Juice,http://rss.art19.com/dino-and-andys-skull-juice
,Don't Ever Change,http://feeds.feedburner.com/DontEverChangeWithJohnRoy
,Dongtini,http://feeds.feedburner.com/DongtiniPodcast
,Doughboys,http://feeds.feedburner.com/Doughboys
,Drifter's Sympathy,http://rss.art19.com/emil-amos-drifters-sympathy
,Fear Based Life,http://rss.art19.com/fear-based-life
,Feral Audio Live,http://rss.art19.com/feral-audio-live
,Getting On,http://gettingonwithju.libsyn.com/rss
,Harmontown,http://www.castmate.fm/feed.php?u=harmontownpodcast
,Hour of Goon,http://rss.art19.com/hour-of-goon
,Human Conversation,http://feeds.feedburner.com/HumanConversationWithErinMcgathyAndWayneFederman
,I Just Want To Talk About Star Trek,http://rss.art19.com/i-just-want-to-talk-star-trek
,Improv Nerd,http://feeds.feedburner.com/ImprovNerdWithJimmyCarrane
,The X Files Files,http://feeds.feedburner.com/KumailNanjianisTheX-filesFiles
,Lil Cuties,http://feeds.feedburner.com/lilcutiespodcast
,Minor Revelations,http://rss.art19.com/minor-revelations-with-drew-droege
,Mystic Party,http://feeds.feedburner.com/mysticpartypodcast
,New Year's Eve,http://feeds.feedburner.com/NewYearsEveWithNeilHamburger
,Obsessed,http://feeds.feedburner.com/ObsessedWithJosephScrimshaw
,Please Be My Girlfriend,http://feeds.feedburner.com/PleaseBeMyGirlfriend
,Put Your Hands Together,http://feeds.feedburner.com/PYHT
,Real Life Sci-Fi,http://feeds.feedburner.com/RealLifeSci-fiWithWadeWilly
,The Flabbergast,http://www.castmate.fm/feed.php?u=seanconroypresentstheflabbergast
,Slumber Party,http://feeds.feedburner.com/SlumberPartyWithAlieAndGeorgia
,Uhhh...,http://feeds.feedburner.com/SteveAgeeUhhhPodcast
,The Adventure of Danny and Mike,http://feeds.feedburner.com/TheAdventuresOfDannyAndMike
,Lavendar Hour,http://lavenderhour.libsyn.com/rss
,Poundcast,http://feeds.feedburner.com/ThePoundcast
,Steven Brody's Stevens Festival of Friendship,http://feeds.feedburner.com/StevenBrodyFOF
,Todd Barry Podcast,http://feeds.feedburner.com/TheToddBarryPodcast
,This Feels Terrible,http://feeds.feedburner.com/ThisFeelsTerriblePodcast
,Twisting the Wind,http://feeds.feedburner.com/TwistingTheWindWithJohnnyPemberton
,You're Welcome World,http://feeds.feedburner.com/YoureWelcomeWorldNewsPodcast
,Weird Adults,http://feeds.feedburner.com/WeirdAdultsWithLittleEsther
,We Should Have a Podcast,http://feeds.feedburner.com/WeShouldHaveAPodcast
,Vomit on the Web,http://feeds.feedburner.com/VomitOnTheWeb
Relay FM,Analog(ue),https://www.relay.fm/analogue/feed
,Bonanza,https://www.relay.fm/bonanza/feed
,B-Sides,https://www.relay.fm/b-sides/feed
,Canvas,https://www.relay.fm/canvas/feed
,Clockwise,https://www.relay.fm/clockwise/feed
,Connected,https://www.relay.fm/connected/feed
,Cortex,https://www.relay.fm/cortex/feed
,Disruption,https://www.relay.fm/disruption/feed
,Free Agents,https://www.relay.fm/freeagents/feed
,Less Than or Equal,https://www.relay.fm/ltoe/feed
,Liftoff,https://www.relay.fm/liftoff/feed
,Mac Power Users,https://www.relay.fm/mpu/feed
,Material,https://www.relay.fm/material/feed
,Presentable,https://www.relay.fm/presentable/feed
,Reconcilable Differences,https://www.relay.fm/rd/feed
,Remaster,https://www.relay.fm/remaster/feed
,Rocket,https://www.relay.fm/rocket/feed
,The Pen Addict,https://www.relay.fm/penaddict/feed
,Thoroughly Considered,https://www.relay.fm/tc/feed
,Top Four,https://www.relay.fm/topfour/feed
,Under the Radar,https://www.relay.fm/radar/feed
,Ungeniused,https://www.relay.fm/ungeniused/feed
,Upgrade,https://www.relay.fm/upgrade/feed
Nerdist Network,Nerdist,http://nerdist.libsyn.com/rss
,Big Pop Fun,http://bigpopfunpodcast.libsyn.com/rss
,Bizarre States,http://spookyshit.libsyn.com/rss
,Cash Withdraw,http://rss.art19.com/cash-withdrawal
,Cashing In w/ TJ Miller,http://cashinginwithtjmiller.libsyn.com/rss
,Chewin It,http://chewinit.libsyn.com/rss
,Clonecast,http://clonecast.libsyn.com/rss
,Comic Book Club,http://comicbookclublive.com/?feed=podcast
,Competitive Erotic Fan Fiction,http://eroticfanfiction.libsyn.com/rss
,Ding Donger,http://dingdonger.libsyn.com/rss
,Dining with Doug and Karen,http://dinigwithdougandkaren.libsyn.com/rss
,Half Hour Happy Hour,http://hhwaa.libsyn.com/rss
,Hound Tall Discussions,http://houndtall.libsyn.com/rss
,James Bonding,http://rss.art19.com/james-bonding
,Jonah Radio,http://jonahraydio.libsyn.com/rss
,Kicking and Screaming,http://kickingandscreaming.libsyn.com/
,Lies with Kara Schaefer,http://lieswithsaraschaefer.libsyn.com/rss
,"Love, Alexi",http://rss.art19.com/love-alexi
,Making It,http://makingitriki.libsyn.com/rss
,Maltin On Movies,http://maltinonmovies.libsyn.com/rss
,Mike and Tom Eat Snacks,http://mates.libsyn.com/rss
,Pop My Culture,http://www.popmyculturepodcast.com/?feed=rss2
,Pro You Podcast,http://proyou.libsyn.com/rss
,Puck Soup,http://rss.art19.com/puck-soup
,Sex Nerd Sandra,http://rss.art19.com/sex-nerd-sandra
,Sleepycast,http://feeds.soundcloud.com/users/soundcloud:users:108438041/sounds.rss
,Terrified,http://terrified.libsyn.com/rss
,The Indoor Kids,http://theindoorkids.libsyn.com/rss
,The Jackie and Laurie Show,http://rss.art19.com/the-jackie-and-laurie-show
,Jonah Keri Show,http://rss.art19.com/the-jonah-keri-podcast
,The JV Club,http://jvclub.libsyn.com/rss
,The K Ohle,http://kohle.libsyn.com/rss
,The Mutant Season,http://feeds.feedburner.com/TheMutantSeason
,Todd Glass Show,http://toddglassshow.libsyn.com/rss
,The Writer's Panel,http://nerdistwriters.libsyn.com/rss
,Thrilling Adventure Hour,http://thrillingadventurehour.libsyn.com/rss
,Today We Learned,http://todaywelearned.libsyn.com/rss
,We're Alive,http://feeds.feedburner.com/itpc/wwwwaylandws/Wayland_Productions/Were_Alive_-_Podcast/rssxml
,Will You Accept This Rose,http://rss.art19.com/will-you-accept-this-rose
,You Made It Weird,
Other,Joe Rogan,http://podcasts.joerogan.net/feed
,CBS Fantasy Football Today,http://podcasts.cstv.com/feeds/fantasyfootball.xml
,The Moth,http://feeds.themoth.org/themothpodcast
,Savage Lovecast,http://savagelove.savagelovecast.libsynpro.com/rss
,Dan Carlin's Hardcore History,http://feeds.feedburner.com/dancarlin/history
,Engadget,http://feeds.soundcloud.com/users/soundcloud:users:245220958/sounds.rss
,Longform,http://longform.libsyn.com/rss
,The Pub,http://current.org/category/thepub/feed/
,Guys We Fucked,http://feeds.soundcloud.com/users/soundcloud:users:68891950/sounds.rss
,The Run-Up,http://www.nytimes.com/services/xml/rss/nyt/podcasts/run-up.xml
,Tax Season,http://feeds.soundcloud.com/users/soundcloud:users:143461576/sounds.rss
,Bodega Boys,http://feeds.soundcloud.com/users/soundcloud:users:169774121/sounds.rss
,The Bugle,http://feeds.feedburner.com/thebuglefeed
5by5,5by5 at the Movies,http://feeds.5by5.tv/movies
,5by5 Specials,http://feeds.5by5.tv/specials
,After Dark,http://feeds.5by5.tv/afterdark
,Amplified,http://feeds.5by5.tv/amplified
,Asymcar,http://feeds.5by5.tv/asymcar
,The Awkward Human Survival Guide,http://feeds.5by5.tv/awkward
,Back To Work,http://feeds.5by5.tv/b2w
,Better Know A Jackal,http://feeds.5by5.tv/bkaj
,Big Web Show,http://feeds.5by5.tv/bigwebshow
,Bingeworthy: Mr Robot,http://feeds.5by5.tv/bingeworthy-mrrobot
,Cash's Corner,http://feeds.5by5.tv/cashscorner
,The Changelog,http://feeds.5by5.tv/changelog
,The Critical Path,http://feeds.5by5.tv/criticalpath
,Diagnostics & Usage,http://feeds.5by5.tv/dau
,DLC,http://feeds.5by5.tv/dlc
,HabloTech,http://feeds.5by5.tv/hablogeek
,Home Work,http://feeds.5by5.tv/homework
,Ihnatko Almanac,http://feeds.5by5.tv/ia
,iOhYes,http://feeds.5by5.tv/iohyes
,Latest In Paleo,http://feeds.5by5.tv/paleo
,The Morning Dump,http://dumpam.libsyn.com/feed
,On Taking Pictures,http://feeds.5by5.tv/otp
,The Pipeline,http://feeds.5by5.tv/pipeline
,Podcast Method,http://feeds.5by5.tv/podcastmethod
,Puromac,http://feeds.5by5.tv/puromac
,Quit,http://feeds.5by5.tv/quit
,Road Work,http://feeds.5by5.tv/roadwork
,Ruby on Rails Project,http://feeds.5by5.tv/rubyonrails
,Steady,http://feeds.5by5.tv/steady
,Supercharged,http://feeds.5by5.tv/supercharged
,The Web Ahead,http://feeds.5by5.tv/webahead
